<?xml version="1.0" encoding="UTF-8"?>
<configuration>
    <property name="springAppName" value="caceis-service-tmc"/>
    <property name="LOG_PATH" value="/Users/MJRIDA/tools/projects/logs/${springAppName}/${springAppName}"/>

    <appender name="Console" class="ch.qos.logback.core.ConsoleAppender">
        <encoder>
            <pattern>%d %-5level %-50logger{40} - %msg%n</pattern>
        </encoder>
    </appender>
     
    <appender name="RollingFile" class="ch.qos.logback.core.rolling.RollingFileAppender">
        <file>${LOG_PATH}.log</file>
        <encoder>
            <pattern>%d %-5level [${springAppName},%X{traceId:-},%X{spanId:-}] %-50logger{40} - %msg%n</pattern>
        </encoder>
         
        <rollingPolicy class="ch.qos.logback.core.rolling.SizeAndTimeBasedRollingPolicy">
            <fileNamePattern>${LOG_PATH}-%d{yyyy-MM-dd}.%i.log</fileNamePattern>
            <maxFileSize>50MB</maxFileSize>
        </rollingPolicy>
    </appender>
     
    <root level="info">
        <appender-ref ref="Console" />
        <appender-ref ref="RollingFile" />
    </root>
</configuration>